{"init_params": {"cat_dims": [16, 7, 12, 7, 4, 85], "cat_emb_dim": 2, "cat_idxs": [72, 73, 74, 75, 76, 77], "clip_value": 2.0, "device_name": "auto", "epsilon": 1e-15, "gamma": 1.5, "input_dim": 78, "lambda_sparse": 0.0001, "mask_type": "entmax", "momentum": 0.3, "n_a": 64, "n_d": 64, "n_indep_decoder": 1, "n_independent": 2, "n_shared": 2, "n_shared_decoder": 1, "n_steps": 5, "optimizer_params": {"lr": 0.02}, "output_dim": 2, "scheduler_params": {"gamma": 0.95, "step_size": 20}, "seed": 0, "verbose": 1}, "class_attrs": {"preds_mapper": {"0": 0, "1": 1}}}